序号,链接,节点数
0,https://raw.githubusercontent.com/Huibq/TrojanLinks/master/links/vmess,0
1,https://raw.githubusercontent.com/Surfboardv2ray/TGParse/main/python/hy2,0
2,https://raw.githubusercontent.com/Surfboardv2ray/TGParse/main/python/hysteria2,8
3,https://raw.githubusercontent.com/ripaojiedian/freenode/main/clash,16
4,https://raw.githubusercontent.com/ripaojiedian/freenode/main/sub,16
5,https://raw.githubusercontent.com/shaoyouvip/free/main/mihomo.yaml,52
6,https://raw.githubusercontent.com/shuaidaoya/FreeNodes/main/nodes/mihomo.yaml,10
7,https://raw.githubusercontent.com/wenxig/dongtai-sub/main/data/sub.txt,6
8,https://raw.githubusercontent.com/zhangkaiitugithub/passcro/main/speednodes.yaml,58
9,https://s1gP0U.absslk.xyz/0ac7a0c58a48b65dee519b92f231e805,0

总计,,140
